Richard North <rich.north@gmail.com>
Gurpreet Sohal <gurpreet@gurpreetsohal.com>
Alex Boldt <boldtalex@gmail.com>
Robert Požarickij <robert.pozarickij@gmail.com>
Matthieu Baechler <matthieu.baechler@gmail.com>
Krystian Nowak <krystian.nowak@gmail.com>
